{
    "binance_api_key": "TA_CLE_API",
    "binance_api_secret": "TON_SECRET",
    "max_cryptos_traded": 2
}{
    "api_keys": {
        "coinpaprika": "REPLACE_WITH_YOUR_COINPAPRIKA_API_KEY",
        "newsapi": "REPLACE_WITH_YOUR_NEWSAPI_KEY"
    },
    "thresholds": {
        "buy_signal": 0.75,
        "sell_signal": -0.75,
        "volatility_tolerance": 0.05,
        "max_risk_per_trade": 0.02
    },
    "preferences": {
        "language": "fr",
        "mode": "demo",
        "currency": "USD",
        "notifications": true,
        "vibration_alerts": true,
        "sound_alerts": true
    },
    "security": {
        "encryption_enabled": true,
        "2fa_enabled": false,
        "max_login_attempts": 5
    },
    "performance": {
        "use_cache": true,
        "auto_optimize": true,
        "update_interval_sec": 60
    }
}
