{
    "BTCUSDT": {
        "min_conf": 0.75,
        "usdt_amount": 20,
        "min_price": 60000,
        "max_price": 70000
    },
    "ETHUSDT": {
        "min_conf": 0.70,
        "usdt_amount": 15,
        "min_price": 3000,
        "max_price": 4000
    },
    "DOGEUSDT": {
        "min_conf": 0.68,
        "usdt_amount": 10,
        "min_price": 0.08,
        "max_price": 0.12
    },
    "BNBUSDT": {
        "min_conf": 0.72,
        "usdt_amount": 15,
        "min_price": 500,
        "max_price": 700
    },
    "SOLUSDT": {
        "min_conf": 0.70,
        "usdt_amount": 12,
        "min_price": 100,
        "max_price": 150
    },
    "ADAUSDT": {
        "min_conf": 0.69,
        "usdt_amount": 8,
        "min_price": 1,
        "max_price": 3
    },
    "XRPUSDT": {
        "min_conf": 0.68,
        "usdt_amount": 9,
        "min_price": 0.5,
        "max_price": 1.5
    },
    "AVAXUSDT": {
        "min_conf": 0.70,
        "usdt_amount": 10,
        "min_price": 30,
        "max_price": 70
    },
    "MATICUSDT": {
        "min_conf": 0.68,
        "usdt_amount": 10,
        "min_price": 0.8,
        "max_price": 1.5
    },
    "SHIBUSDT": {
        "min_conf": 0.74,
        "usdt_amount": 5,
        "min_price": 0.000008,
        "max_price": 0.000015
    }
}
